{
  "loss": [
    0.8261311054229736,
    0.7695540189743042,
    0.6847819685935974,
    0.6586251258850098,
    0.6325000524520874,
    0.6014291048049927,
    0.5927947163581848,
    0.5933526754379272,
    0.5639472007751465,
    0.5234366059303284,
    0.510918378829956,
    0.4982292354106903,
    0.5025959014892578,
    0.48814570903778076,
    0.46494612097740173,
    0.4883252680301666,
    0.45538440346717834,
    0.45128291845321655,
    0.4238816499710083,
    0.416378915309906,
    0.40046942234039307,
    0.4005461037158966,
    0.3999663293361664,
    0.37862202525138855,
    0.3602634370326996,
    0.34491726756095886,
    0.35384154319763184,
    0.33451083302497864,
    0.33238592743873596,
    0.3337230384349823,
    0.3331349194049835,
    0.3576165437698364,
    0.2944735288619995,
    0.27685078978538513,
    0.28086021542549133,
    0.2581775486469269,
    0.2799147367477417,
    0.27590757608413696,
    0.27521300315856934,
    0.2580272853374481,
    0.24177224934101105,
    0.24380750954151154,
    0.2383606880903244,
    0.23120981454849243,
    0.23165030777454376,
    0.2225947082042694,
    0.19974108040332794,
    0.20453116297721863,
    0.19710107147693634,
    0.19673706591129303,
    0.2114146202802658,
    0.21514365077018738,
    0.21553149819374084,
    0.20687441527843475,
    0.1872289627790451,
    0.19098147749900818,
    0.19738554954528809,
    0.2101903110742569,
    0.18141712248325348,
    0.18205656111240387,
    0.17483556270599365,
    0.1955307573080063,
    0.19369417428970337,
    0.18103203177452087,
    0.18715626001358032,
    0.18557466566562653,
    0.18380136787891388,
    0.18878135085105896,
    0.20047472417354584,
    0.18296852707862854,
    0.16849100589752197,
    0.16496682167053223,
    0.17902131378650665,
    0.19062872231006622,
    0.16825924813747406,
    0.1832295060157776,
    0.16373537480831146,
    0.1815127432346344,
    0.1624428629875183,
    0.17259714007377625
  ],
  "accuracy": [
    0.5616024136543274,
    0.5729402899742126,
    0.6137565970420837,
    0.6409674882888794,
    0.6439909338951111,
    0.6727135181427002,
    0.692365825176239,
    0.6863189935684204,
    0.704459547996521,
    0.7369614243507385,
    0.7520785927772522,
    0.7566137313842773,
    0.7611489295959473,
    0.759637176990509,
    0.7891156673431396,
    0.7430083155632019,
    0.7664399147033691,
    0.7770219445228577,
    0.7755101919174194,
    0.7898715138435364,
    0.8178382515907288,
    0.8027210831642151,
    0.8072562217712402,
    0.817082405090332,
    0.8329554200172424,
    0.8253968358039856,
    0.8216175436973572,
    0.8321995735168457,
    0.8367347121238708,
    0.8337112665176392,
    0.851095974445343,
    0.8253968358039856,
    0.8715041279792786,
    0.86545729637146,
    0.8707482814788818,
    0.8851096034049988,
    0.8677248954772949,
    0.8828420042991638,
    0.8813303112983704,
    0.8699924349784851,
    0.8911564350128174,
    0.8911564350128174,
    0.8888888955116272,
    0.8956916332244873,
    0.8987150192260742,
    0.9108087420463562,
    0.918367326259613,
    0.9160997867584229,
    0.908541202545166,
    0.9130763411521912,
    0.908541202545166,
    0.8987150192260742,
    0.908541202545166,
    0.9160997867584229,
    0.9221466183662415,
    0.9160997867584229,
    0.918367326259613,
    0.9153439402580261,
    0.9349962472915649,
    0.9229024648666382,
    0.9274376630783081,
    0.9191232323646545,
    0.9138321876525879,
    0.9236583709716797,
    0.9198790788650513,
    0.9198790788650513,
    0.9244142174720764,
    0.9213907718658447,
    0.9191232323646545,
    0.9221466183662415,
    0.9297052025794983,
    0.9244142174720764,
    0.9274376630783081,
    0.9297052025794983,
    0.9319728016853333,
    0.9229024648666382,
    0.9281935095787048,
    0.9229024648666382,
    0.9357520937919617,
    0.9297052025794983
  ],
  "val_loss": [
    0.7133007049560547,
    0.7193940281867981,
    0.6922486424446106,
    0.6895618438720703,
    0.673873245716095,
    0.6517977714538574,
    0.6459556818008423,
    0.6021090149879456,
    0.9177637696266174,
    0.5490050315856934,
    0.716414749622345,
    0.5674223899841309,
    0.5041972994804382,
    0.5205410122871399,
    0.5553325414657593,
    0.5336478352546692,
    0.49853214621543884,
    0.4650439918041229,
    0.6711493730545044,
    0.47731852531433105,
    0.46011975407600403,
    0.8798741698265076,
    0.5437909364700317,
    0.35595574975013733,
    0.3858279287815094,
    0.4540969133377075,
    0.3306984007358551,
    0.4364076852798462,
    0.41495415568351746,
    0.42827627062797546,
    0.50335693359375,
    0.724204421043396,
    0.2865561544895172,
    0.27979105710983276,
    0.3469318151473999,
    0.29238414764404297,
    0.24764254689216614,
    0.33105921745300293,
    0.35362908244132996,
    0.27842918038368225,
    0.28519171476364136,
    0.2761095464229584,
    0.26017215847969055,
    0.24971061944961548,
    0.2897005081176758,
    0.2558886706829071,
    0.2577015161514282,
    0.21421632170677185,
    0.23053736984729767,
    0.22101929783821106,
    0.19967107474803925,
    0.19546423852443695,
    0.22603438794612885,
    0.20712432265281677,
    0.2278662919998169,
    0.1959892064332962,
    0.21966446936130524,
    0.20073463022708893,
    0.19659423828125,
    0.1970934271812439,
    0.1983713060617447,
    0.19187159836292267,
    0.21031984686851501,
    0.1908687949180603,
    0.2076532244682312,
    0.20533330738544464,
    0.1989295929670334,
    0.18822981417179108,
    0.1789422184228897,
    0.1937684416770935,
    0.19895626604557037,
    0.2113381177186966,
    0.19816012680530548,
    0.19995631277561188,
    0.19324521720409393,
    0.19629357755184174,
    0.18887393176555634,
    0.18910302221775055,
    0.18587659299373627,
    0.18828611075878143
  ],
  "val_accuracy": [
    0.43202418088912964,
    0.43202418088912964,
    0.504531741142273,
    0.504531741142273,
    0.5438066720962524,
    0.6555891036987305,
    0.6072507500648499,
    0.7099697589874268,
    0.5075528621673584,
    0.7069486379623413,
    0.6253776550292969,
    0.6978852152824402,
    0.7703927755355835,
    0.7432023882865906,
    0.6918429136276245,
    0.7220543622970581,
    0.7583081722259521,
    0.7552869915962219,
    0.69486403465271,
    0.7552869915962219,
    0.7613292932510376,
    0.6374622583389282,
    0.6858006119728088,
    0.8066465258598328,
    0.8187311291694641,
    0.7643504738807678,
    0.8217522501945496,
    0.7824773192405701,
    0.7794561982154846,
    0.7945619225502014,
    0.7039275169372559,
    0.670694887638092,
    0.8821752071380615,
    0.870090663433075,
    0.8308157324790955,
    0.8398791551589966,
    0.8851963877677917,
    0.8670694828033447,
    0.8036254048347473,
    0.8670694828033447,
    0.8851963877677917,
    0.8851963877677917,
    0.8821752071380615,
    0.903323233127594,
    0.9003021121025085,
    0.8942598104476929,
    0.903323233127594,
    0.9123867154121399,
    0.9093655347824097,
    0.921450138092041,
    0.9154078364372253,
    0.9184290170669556,
    0.903323233127594,
    0.9154078364372253,
    0.9063444137573242,
    0.9184290170669556,
    0.9063444137573242,
    0.9274924397468567,
    0.9274924397468567,
    0.9244713187217712,
    0.9184290170669556,
    0.9274924397468567,
    0.9184290170669556,
    0.921450138092041,
    0.921450138092041,
    0.9274924397468567,
    0.921450138092041,
    0.9365558624267578,
    0.9274924397468567,
    0.9154078364372253,
    0.9244713187217712,
    0.9184290170669556,
    0.921450138092041,
    0.9184290170669556,
    0.9184290170669556,
    0.921450138092041,
    0.9244713187217712,
    0.9305136203765869,
    0.9305136203765869,
    0.9305136203765869
  ],